Voucher Date,Supplier Invoice No,Supplier Invoice Date,Party Name,Party GSTIN,Place of Supply,HSN/SAC,Item Description,Taxable Value,GST Rate,IGST,CGST,SGST,Cess,Invoice Value,Payment Status
01-09-2026,DST/26-27/0398,01-09-2026,Deccan Steel Traders,36AAHFD7712K1Z9,36-Telangana,7208,MS Plates,96400.00,18,0.00,8676.00,8676.00,0.00,113752.00,Paid
19-09-2026,DST/26-27/0431,19-09-2026,Deccan Steel Traders,36AAHFD7712K1Z9,36-Telangana,7214,EN8 Round Bar,142750.00,18,0.00,12847.50,12847.50,0.00,168445.00,Paid
28-09-2026,DST/26-27/0447,28-09-2026,Deccan Steel Traders,36AAHFD7712K1Z9,36-Telangana,7216,MS Angles,88200.00,18,0.00,7938.00,7938.00,0.00,104076.00,Paid
13-09-2026,PTI/2627/1204,13-09-2026,Pune Toolcraft Industries Pvt Ltd,27AAFCP3391Q1ZP,36-Telangana,8209,Carbide Inserts,64800.00,18,11664.00,0.00,0.00,0.00,76464.00,Paid
22-09-2026,CBC/INV/7802,22-09-2026,Chennai Bearings Co. Pvt Ltd,33AABCC8834L1ZH,36-Telangana,8482,Bearings,51200.00,18,9216.00,0.00,0.00,0.00,60416.00,Paid
20-09-2026,SVT/0462/26-27,20-09-2026,Sree Vinayaka Tools,36AAQFS9012B1Z7,36-Telangana,8207,Drill bits,23800.00,18,0.00,2142.00,2142.00,0.00,28084.00,Paid
29-09-2026,SVT/0471/26-27,29-09-2026,Sree Vinayaka Tools,36AAQFS9012B1Z7,36-Telangana,8207,Reamers,17650.00,18,0.00,1588.50,1588.50,0.00,20827.00,Paid
04-09-2026,OEW/109,04-09-2026,Orugallu Engineering Works,36AAOFO3341K1ZY,36-Telangana,9988,Job work - machining,58000.00,18,0.00,5220.00,5220.00,0.00,68440.00,Paid
29-09-2026,OEW/121,29-09-2026,Orugallu Engineering Works,36AAOFO3341K1ZY,36-Telangana,9988,Job work - fabrication,61500.00,18,0.00,5535.00,5535.00,0.00,72570.00,Paid
23-09-2026,KPS/0934,23-09-2026,Kakatiya Packaging Solutions,36ABDFK5520H1ZH,36-Telangana,4819,Corrugated boxes,39600.00,18,0.00,3564.00,3564.00,0.00,46728.00,Paid
01-09-2026,TNB/AUG26/55821,01-09-2026,TeleNet Broadband Services,36AAICT2290R1ZL,36-Telangana,9984,Leased line 100 Mbps - Aug,4999.00,18,0.00,449.91,449.91,0.00,5899.00,Paid
26-09-2026,GE/1561,26-09-2026,Godavari Electricals,36AGPFG1184C1Z5,36-Telangana,8536,Switchgear,21400.00,18,0.00,1926.00,1926.00,0.00,25252.00,Paid
25-09-2026,NH/26-27/241,25-09-2026,Nizam Hydraulics,36AAJFN2245E1ZG,36-Telangana,4016,Seal kits,18400.00,18,0.00,1656.00,1656.00,0.00,21712.00,Unpaid
17-02-2026,CBC/INV/7650,17-02-2026,Chennai Bearings Co. Pvt Ltd,33AABCC8834L1ZH,36-Telangana,8482,Bearings,74000.00,18,13320.00,0.00,0.00,0.00,87320.00,Unpaid
15-03-2025,DST/24-25/1188,15-03-2025,Deccan Steel Traders,36AAHFD7712K1Z9,36-Telangana,7208,MS Plates,112000.00,18,0.00,10080.00,10080.00,0.00,132160.00,Paid
